task_id,asset_id,department,task_type,description,created_date,due_date,estimated_duration,required_block_duration,criticality,urgency,safety_impact,asset_impact,status,required_resources,preferred_time_window,corridor_id,dependency_task_id,ai_priority_score,ai_priority_level,ai_failure_risk,ai_risk_percentage,ai_train_impact_score,ai_reasons,ai_model_version
TSK-001,AST-023,Engineering,Inspection,Inspection maintenance on Switch,2026-08-21,2026-08-20,3.248163401019429,4.86097774442949,Medium,High,Medium,High,OVERDUE,Signal_Team,Morning,COR-012,,,,,,,,
TSK-002,AST-093,Traction,Corrective,Corrective maintenance on Switch,2026-07-28,2026-08-26,2.8185190409537384,3.2339717054548585,High,Low,Medium,High,OVERDUE,Signal_Team,Morning,COR-002,,,,,,,,
TSK-003,AST-094,S&T,Emergency,Emergency maintenance on Switch,2026-07-26,2026-08-31,1.0856245640037114,1.5331762075551183,Critical,Medium,High,High,OVERDUE,"Track_Machine,Telecom_Team",Any,COR-012,,,,,,,,
TSK-004,AST-026,Engineering,Corrective,Corrective maintenance on Track,2026-08-03,2026-08-28,0.7523888252530231,0.8894443975503658,Critical,Critical,High,High,OVERDUE,Telecom_Team,Afternoon,COR-002,,,,,,,,
TSK-005,AST-012,S&T,Corrective,Corrective maintenance on Signal,2026-08-16,2026-08-23,3.3642934826846806,3.768033699758121,Critical,High,High,High,OVERDUE,Bridge_Inspector,Morning,COR-003,,,,,,,,
TSK-006,AST-078,Engineering,Corrective,Corrective maintenance on Track,2026-08-02,2026-08-25,2.636913642553986,3.069752897685729,Medium,Critical,Medium,High,OVERDUE,"SCADA_Team,Welding_Unit",Early_Morning,COR-007,,,,,,,,
TSK-007,AST-027,S&T,Preventive,Preventive maintenance on OHE,2026-07-27,2026-08-21,1.7268218700015663,2.1568234987742323,High,Low,Medium,High,OVERDUE,"Telecom_Team,Rail_Testing",Night,COR-005,,,,,,,,
TSK-008,AST-053,S&T,Corrective,Corrective maintenance on Track,2026-08-21,2026-08-20,0.7353956988857875,0.8368561657686738,High,Medium,Medium,High,OVERDUE,Track_Machine,Afternoon,COR-010,,,,,,,,
TSK-009,AST-067,S&T,Preventive,Preventive maintenance on Bridge,2026-07-21,2026-08-18,3.7048528129157745,4.988679886283273,Critical,High,High,High,OVERDUE,OHE_Team,Any,COR-005,,,,,,,,
TSK-010,AST-021,Engineering,Preventive,Preventive maintenance on Switch,2026-07-10,2026-08-19,3.830056889820822,4.481919745426039,High,Critical,Medium,High,OVERDUE,"Point_Machine_Team,Track_Machine",Afternoon,COR-003,,,,,,,,
TSK-011,AST-090,Engineering,Emergency,Emergency maintenance on Track,2026-07-14,2026-08-24,1.3292666371732702,1.8223677360152604,Critical,Medium,High,High,OVERDUE,"Track_Gang,Rail_Testing",Night,COR-006,,,,,,,,
TSK-012,AST-007,S&T,Corrective,Corrective maintenance on Switch,2026-08-27,2026-08-25,0.8704863255726809,1.2615155359149954,Medium,Low,Medium,High,OVERDUE,SCADA_Team,Any,COR-007,,,,,,,,
TSK-013,AST-103,Engineering,Corrective,Corrective maintenance on Switch,2026-08-30,2026-08-24,0.7453784887443993,0.9377634540981282,Low,Medium,Medium,High,OVERDUE,"Point_Machine_Team,SCADA_Team",Any,COR-009,,,,,,,,
TSK-014,AST-020,Engineering,Corrective,Corrective maintenance on Track,2026-07-26,2026-08-20,3.130085305607703,3.608318919290388,Medium,Low,Medium,High,OVERDUE,Welding_Unit,Afternoon,COR-006,,,,,,,,
TSK-015,AST-084,Engineering,Inspection,Inspection maintenance on Track,2026-08-07,2026-08-29,2.858436143945016,4.112588979200715,High,High,Medium,High,OVERDUE,Bridge_Inspector,Afternoon,COR-005,,,,,,,,
TSK-016,AST-106,Traction,Preventive,Preventive maintenance on Station,2026-08-12,2026-08-29,3.35346715881696,4.888556172312468,Medium,Critical,Medium,High,OVERDUE,Rail_Testing,Night,COR-012,,,,,,,,
TSK-017,AST-068,Engineering,Preventive,Preventive maintenance on Switch,2026-07-12,2026-08-18,0.7171286727007353,0.8861717543652403,High,High,Medium,High,OVERDUE,Track_Machine,Night,COR-004,,,,,,,,
TSK-018,AST-095,Operations,Preventive,Preventive maintenance on Track,2026-07-08,2026-08-28,3.371706545680962,4.823348688746682,Medium,Critical,Medium,High,OVERDUE,"Telecom_Team,Bridge_Inspector",Any,COR-009,,,,,,,,
TSK-019,AST-091,Engineering,Preventive,Preventive maintenance on Station,2026-08-14,2026-08-29,1.482102846332706,1.837770686492662,High,Medium,Medium,High,OVERDUE,Track_Machine,Morning,COR-006,,,,,,,,
TSK-020,AST-105,S&T,Preventive,Preventive maintenance on Track,2026-08-02,2026-08-30,1.1341014779750702,1.6062012046872642,High,Critical,Medium,High,OVERDUE,Bridge_Inspector,Early_Morning,COR-010,,,,,,,,
TSK-021,AST-021,Engineering,Preventive,Preventive maintenance on Switch,2026-08-24,2026-08-22,0.6882030908169419,0.9412848180643921,High,Medium,Medium,High,OVERDUE,Bridge_Inspector,Morning,COR-003,,,,,,,,
TSK-022,AST-010,Operations,Corrective,Corrective maintenance on Station,2026-07-30,2026-08-26,3.5172664990180897,4.017288541365119,High,Low,Medium,High,OVERDUE,"Rail_Testing,Signal_Team",Night,COR-007,,,,,,,,
TSK-023,AST-097,Engineering,Inspection,Inspection maintenance on Track,2026-08-20,2026-08-20,3.608669723814564,4.257103915663264,High,Medium,Medium,High,OVERDUE,"SCADA_Team,Point_Machine_Team",Any,COR-002,,,,,,,,
TSK-024,AST-102,Traction,Preventive,Preventive maintenance on Bridge,2026-08-15,2026-08-27,3.880413119014164,4.587881311031221,Low,Critical,Medium,High,OVERDUE,"Signal_Team,Welding_Unit",Early_Morning,COR-006,,,,,,,,
TSK-025,AST-023,Engineering,Inspection,Inspection maintenance on Switch,2026-08-26,2026-08-19,2.5074714800934848,3.1008807667024687,Medium,Low,Medium,High,OVERDUE,"Track_Gang,Point_Machine_Team",Morning,COR-012,,,,,,,,
TSK-026,AST-120,S&T,Preventive,Preventive maintenance on Switch,2026-07-26,2026-08-23,3.3979176222578804,4.251466426466162,Critical,Medium,High,High,OVERDUE,Rail_Testing,Night,COR-002,,,,,,,,
TSK-027,AST-075,Engineering,Inspection,Inspection maintenance on Station,2026-08-22,2026-08-25,0.9679347903980267,1.4268886171562574,High,High,Medium,High,OVERDUE,Welding_Unit,Morning,COR-001,,,,,,,,
TSK-028,AST-006,Engineering,Preventive,Preventive maintenance on Bridge,2026-08-04,2026-08-22,1.8154836281369273,2.592906140605909,Low,Critical,Medium,High,OVERDUE,OHE_Team,Night,COR-007,,,,,,,,
TSK-029,AST-041,Traction,Emergency,Emergency maintenance on Switch,2026-07-18,2026-08-20,1.0966187905357472,1.3749475762166958,High,Critical,Medium,High,OVERDUE,Track_Machine,Night,COR-004,,,,,,,,
TSK-030,AST-074,Engineering,Preventive,Preventive maintenance on Switch,2026-07-11,2026-08-24,1.6091644820221866,1.9418074554028186,High,Critical,Medium,High,OVERDUE,"SCADA_Team,Rail_Testing",Any,COR-002,,,,,,,,
TSK-031,AST-019,Engineering,Corrective,Corrective maintenance on Track,2026-08-05,2026-08-24,1.6933669077504598,2.538473676682657,High,Critical,Medium,High,OVERDUE,"Bridge_Inspector,Telecom_Team",Early_Morning,COR-002,,,,,,,,
TSK-032,AST-042,Engineering,Corrective,Corrective maintenance on OHE,2026-08-09,2026-09-15,0.7709404319466271,1.006180681474591,Critical,Critical,High,High,SCHEDULED,Track_Gang,Early_Morning,COR-002,,,,,,,,
TSK-033,AST-070,Engineering,Emergency,Emergency maintenance on Bridge,2026-08-27,2026-09-02,3.6856864345064375,4.6186566178667094,Critical,Critical,High,High,IN_PROGRESS,Point_Machine_Team,Night,COR-002,,,,,,,,
TSK-034,AST-043,Engineering,Preventive,Preventive maintenance on Track,2026-08-05,2026-08-30,2.271156423441428,2.645907285717822,High,Critical,Medium,High,OVERDUE,"Track_Gang,Track_Machine",Early_Morning,COR-011,,,,,,,,
TSK-035,AST-075,Engineering,Inspection,Inspection maintenance on Station,2026-07-15,2026-08-23,3.8796344098330944,4.7976651415794755,High,Critical,Medium,High,OVERDUE,Track_Gang,Night,COR-001,,,,,,,,
TSK-036,AST-101,Engineering,Preventive,Preventive maintenance on Track,2026-08-09,2026-09-06,1.9625939881616339,2.1937946561387034,Medium,Critical,Medium,High,PENDING,"Point_Machine_Team,Welding_Unit",Night,COR-009,,,,,,,,
TSK-037,AST-083,Traction,Preventive,Preventive maintenance on Switch,2026-08-18,2026-09-13,1.9367454979408276,2.853362920056892,Low,Critical,Medium,High,PENDING,"OHE_Team,Signal_Team",Early_Morning,COR-012,,,,,,,,
TSK-038,AST-036,Traction,Preventive,Preventive maintenance on OHE,2026-08-21,2026-09-15,3.950769590187212,5.579564549318361,High,Critical,Medium,High,PENDING,"Track_Gang,SCADA_Team",Afternoon,COR-005,,,,,,,,
TSK-039,AST-069,Engineering,Inspection,Inspection maintenance on Track,2026-08-19,2026-09-26,1.3312011482676995,1.9855767979618764,High,Critical,Medium,High,PENDING,Telecom_Team,Morning,COR-003,,,,,,,,
TSK-040,AST-092,S&T,Preventive,Preventive maintenance on Signal,2026-08-12,2026-08-27,2.21783605443815,2.5066278229402736,High,Critical,Medium,High,OVERDUE,"Rail_Testing,OHE_Team",Morning,COR-002,,,,,,,,
TSK-041,AST-099,Engineering,Emergency,Emergency maintenance on Signal,2026-07-24,2026-09-27,0.7800639441518777,0.9702324948496457,Critical,Critical,High,High,SCHEDULED,Signal_Team,Morning,COR-005,,,,,,,,
TSK-042,AST-007,S&T,Inspection,Inspection maintenance on Switch,2026-07-07,2026-09-02,1.500445070321933,1.6931686619885074,Medium,Critical,Medium,High,PENDING,"Rail_Testing,OHE_Team",Early_Morning,COR-007,,,,,,,,
TSK-043,AST-083,Traction,Preventive,Preventive maintenance on Switch,2026-08-10,2026-08-28,1.0388713353327634,1.4358682745416536,Low,Critical,Medium,High,OVERDUE,OHE_Team,Early_Morning,COR-012,,,,,,,,
TSK-044,AST-027,S&T,Corrective,Corrective maintenance on OHE,2026-08-31,2026-08-30,2.016378263081598,2.863008604472028,High,Critical,Medium,High,OVERDUE,"Signal_Team,Point_Machine_Team",Any,COR-005,,,,,,,,
TSK-045,AST-093,Traction,Inspection,Inspection maintenance on Switch,2026-07-19,2026-09-21,3.145602328487357,4.068399041657196,High,Critical,Medium,High,PENDING,"Point_Machine_Team,Bridge_Inspector",Morning,COR-002,,,,,,,,
TSK-046,AST-063,S&T,Preventive,Preventive maintenance on Signal,2026-07-14,2026-09-26,2.928567873625656,3.4084228062142197,High,High,Medium,High,PENDING,Welding_Unit,Morning,COR-003,,,,,,,,
TSK-047,AST-114,Engineering,Preventive,Preventive maintenance on Switch,2026-08-22,2026-09-01,0.6153175388593549,0.8220955899565606,Critical,Medium,High,High,PENDING,Welding_Unit,Afternoon,COR-005,,,,,,,,
TSK-048,AST-064,S&T,Preventive,Preventive maintenance on Track,2026-07-08,2026-09-15,3.7277816135420103,4.9841456854885005,Medium,Critical,Medium,High,PENDING,Welding_Unit,Morning,COR-012,,,,,,,,
TSK-049,AST-070,Engineering,Corrective,Corrective maintenance on Bridge,2026-08-07,2026-09-18,0.6765944971704331,0.772552610447942,Critical,Critical,High,High,PENDING,Welding_Unit,Night,COR-002,,,,,,,,
TSK-050,AST-055,S&T,Preventive,Preventive maintenance on Signal,2026-08-18,2026-08-28,1.7696849659811655,2.1243207768477474,Critical,Critical,High,High,OVERDUE,Welding_Unit,Night,COR-004,,,,,,,,
TSK-051,AST-002,Engineering,Inspection,Inspection maintenance on Bridge,2026-07-22,2026-09-29,3.420501919670098,4.902271854914083,Critical,Critical,High,High,IN_PROGRESS,Welding_Unit,Early_Morning,COR-011,,,,,,,,
TSK-052,AST-110,S&T,Corrective,Corrective maintenance on Signal,2026-08-10,2026-09-14,2.3500447050310482,3.347031288126786,High,High,Medium,High,PENDING,Welding_Unit,Afternoon,COR-012,,,,,,,,
TSK-053,AST-071,Traction,Corrective,Corrective maintenance on Station,2026-07-04,2026-09-12,2.89904182829952,4.092293699712164,High,Medium,Medium,High,SCHEDULED,Welding_Unit,Night,COR-005,,,,,,,,
TSK-054,AST-068,Engineering,Preventive,Preventive maintenance on Switch,2026-07-25,2026-09-15,2.1218685308162617,2.842820505313306,High,Low,Medium,High,PENDING,Welding_Unit,Afternoon,COR-004,,,,,,,,
TSK-055,AST-098,Engineering,Corrective,Corrective maintenance on Station,2026-08-18,2026-09-10,1.8733373532645246,2.3643129392246687,High,High,Medium,High,PENDING,Welding_Unit,Night,COR-005,,,,,,,,
TSK-056,AST-116,Traction,Preventive,Preventive maintenance on Switch,2026-08-03,2026-09-30,3.4867127416305332,5.039682672840683,Low,Critical,Medium,High,COMPLETED,"Track_Machine,Rail_Testing",Night,COR-001,,,,,,,,
TSK-057,AST-009,Engineering,Preventive,Preventive maintenance on OHE,2026-08-14,2026-08-28,0.5373530074709194,0.758002505393132,High,High,Medium,High,OVERDUE,Signal_Team,Night,COR-001,,,,,,,,
TSK-058,AST-019,Engineering,Preventive,Preventive maintenance on Track,2026-07-27,2026-09-08,1.1009849614079086,1.4444191150653023,High,Medium,Medium,High,PENDING,Point_Machine_Team,Night,COR-001,,,,,,,,
TSK-059,AST-066,S&T,Corrective,Corrective maintenance on Track,2026-08-07,2026-09-02,2.4699058302511103,3.0264918914971735,High,Critical,Medium,High,PENDING,"Signal_Team,Rail_Testing",Night,COR-001,,,,,,,,
TSK-060,AST-065,Engineering,Inspection,Inspection maintenance on Switch,2026-07-19,2026-09-13,3.1540591602368147,4.470730510677965,High,High,Medium,High,PENDING,Bridge_Inspector,Night,COR-001,,,,,,,,
TSK-061,AST-010,Operations,Inspection,Inspection maintenance on Station,2026-08-09,2026-09-19,3.4620056777026105,4.30170357477359,High,Low,Medium,High,SCHEDULED,"OHE_Team,SCADA_Team",Night,COR-001,,,,,,,,
TSK-062,AST-083,Traction,Preventive,Preventive maintenance on Switch,2026-08-21,2026-09-06,1.985724914367873,2.4299905333749168,Low,High,Medium,High,SCHEDULED,"Track_Machine,Welding_Unit",Night,COR-001,,,,,,,,
TSK-063,AST-112,Engineering,Corrective,Corrective maintenance on Signal,2026-08-24,2026-09-01,3.6753510854697753,5.131250314616647,Medium,Critical,Medium,High,PENDING,Signal_Team,Night,COR-001,,,,,,,,
TSK-064,AST-009,Engineering,Emergency,Emergency maintenance on OHE,2026-07-30,2026-09-12,0.5416424128580446,0.6593209309061498,High,Critical,Medium,High,PENDING,"Telecom_Team,Track_Machine",Night,COR-011,,,,,,,,
TSK-065,AST-042,Engineering,Corrective,Corrective maintenance on OHE,2026-08-31,2026-09-25,2.4825528978031928,3.199272184757614,Critical,Medium,High,High,PENDING,Bridge_Inspector,Early_Morning,COR-002,TSK-064,,,,,,,
TSK-066,AST-111,Traction,Corrective,Corrective maintenance on Track,2026-07-06,2026-08-25,1.5884055748406165,1.810568824099571,Medium,High,Medium,High,OVERDUE,"Track_Machine,SCADA_Team",Afternoon,COR-012,TSK-065,,,,,,,
TSK-067,AST-053,S&T,Inspection,Inspection maintenance on Track,2026-07-11,2026-09-25,2.908816470674773,3.7961016327641266,High,Critical,Medium,High,COMPLETED,Track_Machine,Any,COR-010,TSK-066,,,,,,,
TSK-068,AST-072,S&T,Corrective,Corrective maintenance on Track,2026-08-08,2026-08-26,1.6577754699967946,2.324161555051253,Medium,Critical,Medium,High,OVERDUE,Bridge_Inspector,Early_Morning,COR-010,TSK-067,,,,,,,
TSK-069,AST-076,Engineering,Corrective,Corrective maintenance on Track,2026-08-19,2026-09-05,2.60475862547424,3.4341657960261665,High,Medium,Medium,High,PENDING,"Point_Machine_Team,Signal_Team",Morning,COR-001,,,,,,,,
TSK-070,AST-084,Engineering,Preventive,Preventive maintenance on Track,2026-07-19,2026-08-27,2.3941581954995854,2.656286302406956,High,Low,Medium,High,OVERDUE,Welding_Unit,Afternoon,COR-005,,,,,,,,
TSK-071,AST-115,Engineering,Corrective,Corrective maintenance on Switch,2026-08-20,2026-09-09,1.1789788467818902,1.4312108435293258,High,High,Medium,High,PENDING,OHE_Team,Early_Morning,COR-008,,,,,,,,
TSK-072,AST-103,Engineering,Emergency,Emergency maintenance on Switch,2026-08-31,2026-09-06,1.4883898853703945,2.134533548917937,Low,High,Medium,High,PENDING,Telecom_Team,Morning,COR-009,,,,,,,,
TSK-073,AST-030,Engineering,Preventive,Preventive maintenance on Track,2026-08-14,2026-09-30,2.672914214709675,3.8928273170315335,Medium,Critical,Medium,High,PENDING,Telecom_Team,Early_Morning,COR-007,,,,,,,,
TSK-074,AST-069,Engineering,Corrective,Corrective maintenance on Track,2026-07-18,2026-08-24,3.8073159728752657,4.485887269576865,High,High,Medium,High,OVERDUE,"SCADA_Team,Bridge_Inspector",Early_Morning,COR-003,,,,,,,,
TSK-075,AST-015,Engineering,Preventive,Preventive maintenance on Track,2026-08-13,2026-09-03,2.9078699404154813,4.120401305365766,High,Critical,Medium,High,PENDING,Track_Gang,Afternoon,COR-003,,,,,,,,
TSK-076,AST-047,Engineering,Emergency,Emergency maintenance on Track,2026-07-10,2026-09-02,3.3385538122622425,4.8195181096731305,Critical,Low,High,High,SCHEDULED,Signal_Team,Early_Morning,COR-011,,,,,,,,
TSK-077,AST-106,Traction,Preventive,Preventive maintenance on Station,2026-07-13,2026-09-02,3.383931362049729,4.638830195994537,Medium,Critical,Medium,High,PENDING,"Track_Gang,Welding_Unit",Afternoon,COR-012,,,,,,,,
TSK-078,AST-103,Engineering,Inspection,Inspection maintenance on Switch,2026-08-01,2026-09-18,3.6328717900553222,4.954139321620931,Low,Medium,Medium,High,SCHEDULED,Track_Machine,Early_Morning,COR-009,,,,,,,,
TSK-079,AST-012,S&T,Preventive,Preventive maintenance on Signal,2026-07-22,2026-09-03,3.617333365621675,5.018733626698932,Critical,High,High,High,PENDING,"Telecom_Team,Welding_Unit",Afternoon,COR-003,,,,,,,,
TSK-080,AST-118,Operations,Corrective,Corrective maintenance on Bridge,2026-07-04,2026-09-05,1.6026977381265979,2.1103555631574364,Critical,Medium,High,High,PENDING,"SCADA_Team,Signal_Team",Night,COR-005,,,,,,,,
TSK-081,AST-105,S&T,Inspection,Inspection maintenance on Track,2026-07-25,2026-09-30,1.1748097813681233,1.4752640983641014,High,Medium,Medium,High,PENDING,"Point_Machine_Team,Welding_Unit",Night,COR-010,,,,,,,,
TSK-082,AST-118,Operations,Corrective,Corrective maintenance on Bridge,2026-08-08,2026-09-12,1.883917536853977,2.6885731405236015,Critical,Medium,High,High,PENDING,"Welding_Unit,Track_Machine",Afternoon,COR-005,,,,,,,,
TSK-083,AST-077,S&T,Preventive,Preventive maintenance on Bridge,2026-08-08,2026-09-30,2.3502044313781676,3.1399825668451866,Low,Medium,Medium,High,SCHEDULED,Telecom_Team,Night,COR-009,,,,,,,,
TSK-084,AST-105,S&T,Preventive,Preventive maintenance on Track,2026-08-10,2026-09-29,0.7625773111252137,1.1120363650320886,High,High,Medium,High,PENDING,"Bridge_Inspector,SCADA_Team",Morning,COR-010,,,,,,,,
TSK-085,AST-107,S&T,Preventive,Preventive maintenance on Switch,2026-08-18,2026-09-24,3.736217871591961,4.265284934978381,Critical,High,High,High,SCHEDULED,"SCADA_Team,Welding_Unit",Morning,COR-011,,,,,,,,
TSK-086,AST-053,S&T,Corrective,Corrective maintenance on Track,2026-07-05,2026-08-27,1.2079561360971063,1.4321207999680132,High,Medium,Medium,High,OVERDUE,Point_Machine_Team,Early_Morning,COR-010,,,,,,,,
TSK-087,AST-079,S&T,Preventive,Preventive maintenance on Track,2026-07-18,2026-09-06,1.217692826965925,1.6539968289415206,High,High,Medium,High,PENDING,"Telecom_Team,Welding_Unit",Morning,COR-009,,,,,,,,
TSK-088,AST-024,Traction,Preventive,Preventive maintenance on Track,2026-07-17,2026-09-18,3.694936003678913,4.201224183746191,High,High,Medium,High,IN_PROGRESS,"Telecom_Team,Rail_Testing",Early_Morning,COR-004,,,,,,,,
TSK-089,AST-034,S&T,Preventive,Preventive maintenance on Signal,2026-08-28,2026-09-05,1.451877877223289,2.0155943583820424,High,Critical,Medium,High,COMPLETED,Signal_Team,Any,COR-001,,,,,,,,
TSK-090,AST-054,Traction,Corrective,Corrective maintenance on Switch,2026-08-17,2026-09-05,2.8523677345481766,3.42534584450946,High,High,Medium,High,PENDING,"Signal_Team,Track_Machine",Early_Morning,COR-001,,,,,,,,
TSK-091,AST-002,Engineering,Inspection,Inspection maintenance on Bridge,2026-07-04,2026-09-20,3.6560958661422474,4.502129690978457,Critical,Critical,High,High,PENDING,Track_Machine,Afternoon,COR-011,,,,,,,,
TSK-092,AST-074,Engineering,Emergency,Emergency maintenance on Switch,2026-07-16,2026-09-05,1.1484380775340564,1.706274770334554,High,Medium,Medium,High,PENDING,Track_Gang,Afternoon,COR-002,,,,,,,,
TSK-093,AST-089,Engineering,Inspection,Inspection maintenance on Bridge,2026-08-04,2026-08-24,3.636099278637476,4.602749090416608,Critical,Medium,High,High,OVERDUE,Rail_Testing,Afternoon,COR-007,,,,,,,,
TSK-094,AST-088,Engineering,Preventive,Preventive maintenance on Station,2026-08-17,2026-09-15,2.1178933499543517,2.585182464661193,High,Low,Medium,High,PENDING,Point_Machine_Team,Night,COR-001,,,,,,,,
TSK-095,AST-012,S&T,Corrective,Corrective maintenance on Signal,2026-07-27,2026-09-07,2.6826908155404245,3.467860589607674,Critical,Critical,High,High,PENDING,"Telecom_Team,Track_Gang",Early_Morning,COR-003,,,,,,,,
TSK-096,AST-008,Engineering,Preventive,Preventive maintenance on Track,2026-08-07,2026-09-10,0.8635582659758367,1.1952147394766932,High,Medium,Medium,High,SCHEDULED,Bridge_Inspector,Any,COR-011,,,,,,,,
TSK-097,AST-108,S&T,Corrective,Corrective maintenance on Signal,2026-08-14,2026-09-27,3.264692005959959,4.659256943040865,Critical,Medium,High,High,COMPLETED,"Track_Gang,Welding_Unit",Early_Morning,COR-011,,,,,,,,
TSK-098,AST-081,Traction,Inspection,Inspection maintenance on Signal,2026-07-21,2026-09-08,2.611577574361301,3.0849562384008413,Critical,Low,High,High,PENDING,Signal_Team,Any,COR-003,,,,,,,,
TSK-099,AST-120,S&T,Preventive,Preventive maintenance on Switch,2026-08-23,2026-09-24,0.8727907296113051,1.004529335151722,Critical,Low,High,High,PENDING,Telecom_Team,Morning,COR-002,,,,,,,,
TSK-100,AST-094,S&T,Preventive,Preventive maintenance on Switch,2026-07-12,2026-09-21,3.555624605341478,4.967535919612981,Critical,Low,High,High,PENDING,Rail_Testing,Night,COR-012,,,,,,,,
TSK-101,AST-103,Engineering,Inspection,Inspection maintenance on Switch,2026-07-18,2026-08-27,0.706511668996851,1.0332342462214315,Low,Critical,Medium,High,OVERDUE,"SCADA_Team,Point_Machine_Team",Night,COR-009,,,,,,,,
TSK-102,AST-107,S&T,Preventive,Preventive maintenance on Switch,2026-07-07,2026-09-20,3.1778902865394745,4.466858635952067,Critical,High,High,High,IN_PROGRESS,"Signal_Team,Rail_Testing",Morning,COR-011,,,,,,,,
TSK-103,AST-036,Traction,Corrective,Corrective maintenance on OHE,2026-07-20,2026-09-05,3.653037630405527,4.475622240023697,High,High,Medium,High,PENDING,"Welding_Unit,Track_Machine",Morning,COR-005,,,,,,,,
TSK-104,AST-103,Engineering,Preventive,Preventive maintenance on Switch,2026-08-27,2026-09-29,2.0921855070374495,2.96709975194331,Low,High,Medium,High,PENDING,"Rail_Testing,Track_Gang",Any,COR-009,,,,,,,,
TSK-105,AST-092,S&T,Preventive,Preventive maintenance on Signal,2026-07-31,2026-09-01,0.9261319917668744,1.2389696930649843,High,Critical,Medium,High,SCHEDULED,SCADA_Team,Afternoon,COR-002,,,,,,,,
TSK-106,AST-006,Engineering,Emergency,Emergency maintenance on Bridge,2026-07-10,2026-09-24,1.6243931069486939,1.853769885377694,Low,Low,Medium,High,PENDING,Track_Gang,Any,COR-007,,,,,,,,
TSK-107,AST-042,Engineering,Corrective,Corrective maintenance on OHE,2026-07-29,2026-09-26,2.2991497638737144,2.863220622671032,Critical,Medium,High,High,SCHEDULED,Track_Machine,Night,COR-002,,,,,,,,
TSK-108,AST-078,Engineering,Preventive,Preventive maintenance on Track,2026-07-17,2026-09-16,1.6698623095499596,2.4779710850569274,Medium,Medium,Medium,High,PENDING,Track_Machine,Morning,COR-007,,,,,,,,
TSK-109,AST-007,S&T,Inspection,Inspection maintenance on Switch,2026-07-17,2026-09-05,3.625985514328017,4.485246626890883,Medium,Low,Medium,High,PENDING,Track_Gang,Morning,COR-007,,,,,,,,
TSK-110,AST-086,Traction,Corrective,Corrective maintenance on Track,2026-08-06,2026-09-09,1.6524584369903064,1.910455302045531,High,Low,Medium,High,PENDING,"Point_Machine_Team,Rail_Testing",Night,COR-011,,,,,,,,
TSK-111,AST-022,Engineering,Inspection,Inspection maintenance on Bridge,2026-08-26,2026-09-14,2.637619732340083,3.6566377561138803,High,Medium,Medium,High,PENDING,Welding_Unit,Early_Morning,COR-001,,,,,,,,
TSK-112,AST-045,Engineering,Corrective,Corrective maintenance on Track,2026-08-25,2026-08-30,3.9128566538507012,5.810244763444615,Critical,Critical,High,High,OVERDUE,OHE_Team,Morning,COR-005,,,,,,,,
TSK-113,AST-007,S&T,Preventive,Preventive maintenance on Switch,2026-08-19,2026-09-19,3.6273550063634548,5.352368559471735,Medium,Critical,Medium,High,PENDING,"Signal_Team,Bridge_Inspector",Morning,COR-007,,,,,,,,
TSK-114,AST-057,Engineering,Emergency,Emergency maintenance on OHE,2026-07-18,2026-08-31,1.4687302851302115,2.035470339407337,Critical,Critical,High,High,OVERDUE,"Rail_Testing,Welding_Unit",Night,COR-005,,,,,,,,
TSK-115,AST-072,S&T,Preventive,Preventive maintenance on Track,2026-08-07,2026-08-30,0.9521437123306232,1.37391094560268,Medium,Medium,Medium,High,OVERDUE,"Telecom_Team,OHE_Team",Afternoon,COR-010,,,,,,,,
TSK-116,AST-072,S&T,Preventive,Preventive maintenance on Track,2026-08-10,2026-09-10,2.2124527906416285,3.094532586297107,Medium,Low,Medium,High,IN_PROGRESS,SCADA_Team,Afternoon,COR-010,,,,,,,,
TSK-117,AST-052,Engineering,Emergency,Emergency maintenance on Switch,2026-08-23,2026-08-23,2.247915964830856,2.8995668282972673,Critical,Medium,High,High,OVERDUE,Rail_Testing,Any,COR-003,,,,,,,,
TSK-118,AST-022,Engineering,Inspection,Inspection maintenance on Bridge,2026-08-30,2026-09-21,3.1481145428641915,3.5282949204195178,High,Low,Medium,High,PENDING,Track_Gang,Early_Morning,COR-001,,,,,,,,
TSK-119,AST-084,Engineering,Corrective,Corrective maintenance on Track,2026-08-16,2026-09-07,3.251001722270784,4.501277480744848,High,High,Medium,High,IN_PROGRESS,Welding_Unit,Night,COR-005,,,,,,,,
TSK-120,AST-061,S&T,Corrective,Corrective maintenance on Track,2026-08-19,2026-09-04,1.8820328310050225,2.5282357420711166,High,Medium,Medium,High,PENDING,OHE_Team,Night,COR-002,,,,,,,,
TSK-121,AST-107,S&T,Preventive,Preventive maintenance on Switch,2026-08-28,2026-09-25,2.7134031329731876,3.6283130390189284,Critical,Low,High,High,PENDING,Rail_Testing,Any,COR-011,,,,,,,,
TSK-122,AST-029,Traction,Inspection,Inspection maintenance on Station,2026-08-31,2026-09-09,2.623910001198066,3.789690711435952,Medium,Critical,Medium,High,PENDING,OHE_Team,Morning,COR-009,,,,,,,,
TSK-123,AST-102,Traction,Inspection,Inspection maintenance on Bridge,2026-08-09,2026-09-30,2.179940729351471,3.1191901624745917,Low,Low,Medium,High,PENDING,"Bridge_Inspector,Signal_Team",Morning,COR-006,,,,,,,,
TSK-124,AST-061,S&T,Inspection,Inspection maintenance on Track,2026-07-10,2026-09-09,1.650915664084166,2.394771557812304,High,Medium,Medium,High,SCHEDULED,Rail_Testing,Afternoon,COR-002,,,,,,,,
TSK-125,AST-094,S&T,Preventive,Preventive maintenance on Switch,2026-08-14,2026-08-23,3.511507338309899,4.609925765903361,Critical,Critical,High,High,OVERDUE,SCADA_Team,Any,COR-012,,,,,,,,
TSK-126,AST-113,Engineering,Preventive,Preventive maintenance on Station,2026-08-01,2026-09-24,2.4780330663705117,3.6300209796353538,High,Critical,Medium,High,PENDING,Welding_Unit,Early_Morning,COR-003,,,,,,,,
TSK-127,AST-041,Traction,Preventive,Preventive maintenance on Switch,2026-08-22,2026-09-05,0.5808488569848649,0.7589400120969201,High,Low,Medium,High,PENDING,"Telecom_Team,Track_Machine",Early_Morning,COR-004,,,,,,,,
TSK-128,AST-015,Engineering,Preventive,Preventive maintenance on Track,2026-07-11,2026-09-05,2.343810215995778,3.081836845188249,High,Low,Medium,High,PENDING,"Signal_Team,Welding_Unit",Morning,COR-003,,,,,,,,
TSK-129,AST-015,Engineering,Preventive,Preventive maintenance on Track,2026-08-15,2026-09-06,2.8915627841140754,4.212187752167921,High,Critical,Medium,High,PENDING,SCADA_Team,Any,COR-003,,,,,,,,
TSK-130,AST-118,Operations,Preventive,Preventive maintenance on Bridge,2026-07-19,2026-08-22,1.3438865668982647,1.597822768699228,Critical,Low,High,High,OVERDUE,Welding_Unit,Any,COR-005,,,,,,,,
TSK-131,AST-098,Engineering,Inspection,Inspection maintenance on Station,2026-07-08,2026-09-17,1.9211536818469344,2.6338059065764545,High,Low,Medium,High,PENDING,"Track_Machine,Signal_Team",Early_Morning,COR-005,,,,,,,,
TSK-132,AST-081,Traction,Preventive,Preventive maintenance on Signal,2026-08-24,2026-09-21,1.9294377574686739,2.208539948954026,Critical,Critical,High,High,PENDING,"Telecom_Team,Point_Machine_Team",Early_Morning,COR-003,,,,,,,,
TSK-133,AST-043,Engineering,Preventive,Preventive maintenance on Track,2026-08-08,2026-08-31,2.342804657825706,3.0825935039698336,High,Medium,Medium,High,OVERDUE,Track_Machine,Early_Morning,COR-011,,,,,,,,
TSK-134,AST-073,Engineering,Inspection,Inspection maintenance on Switch,2026-08-07,2026-09-19,3.4762697568024765,3.917997320010729,Low,Critical,Medium,High,PENDING,"Telecom_Team,Track_Machine",Morning,COR-010,,,,,,,,
TSK-135,AST-045,Engineering,Corrective,Corrective maintenance on Track,2026-08-29,2026-09-23,3.2802823944778208,4.464881621841534,Critical,High,High,High,PENDING,Signal_Team,Morning,COR-005,,,,,,,,
TSK-136,AST-092,S&T,Inspection,Inspection maintenance on Signal,2026-07-09,2026-08-24,1.3219409503745485,1.4927741379584352,High,High,Medium,High,OVERDUE,"OHE_Team,Rail_Testing",Night,COR-002,,,,,,,,
TSK-137,AST-119,Engineering,Inspection,Inspection maintenance on Track,2026-07-19,2026-09-26,2.263367796149911,2.902323498766454,High,Critical,Medium,High,PENDING,"Rail_Testing,Signal_Team",Morning,COR-002,,,,,,,,
TSK-138,AST-046,S&T,Preventive,Preventive maintenance on Switch,2026-07-25,2026-09-14,1.4713507719476,2.127236352549892,High,Low,Medium,High,PENDING,"Signal_Team,Track_Machine",Morning,COR-008,,,,,,,,
TSK-139,AST-005,S&T,Corrective,Corrective maintenance on Switch,2026-07-13,2026-09-05,1.3767549864357886,1.7188068392593274,Low,High,Medium,High,PENDING,SCADA_Team,Any,COR-008,,,,,,,,
TSK-140,AST-077,S&T,Preventive,Preventive maintenance on Bridge,2026-07-31,2026-09-04,3.777597366242868,4.748080482358682,Low,Low,Medium,High,PENDING,"Telecom_Team,SCADA_Team",Early_Morning,COR-009,,,,,,,,
TSK-141,AST-102,Traction,Inspection,Inspection maintenance on Bridge,2026-07-16,2026-09-23,0.9053171127159271,1.117040008214022,Low,Low,Medium,High,PENDING,SCADA_Team,Any,COR-006,,,,,,,,
TSK-142,AST-028,Traction,Preventive,Preventive maintenance on Bridge,2026-08-31,2026-08-29,3.521155719288197,4.380263524043427,High,Medium,Medium,High,OVERDUE,SCADA_Team,Early_Morning,COR-009,,,,,,,,
TSK-143,AST-068,Engineering,Corrective,Corrective maintenance on Switch,2026-07-06,2026-09-14,2.0104400148358756,2.726873715584865,High,Critical,Medium,High,PENDING,"Rail_Testing,Signal_Team",Night,COR-004,,,,,,,,
TSK-144,AST-030,Engineering,Preventive,Preventive maintenance on Track,2026-08-17,2026-09-18,2.9720108491365256,4.028805199706715,Medium,Critical,Medium,High,PENDING,Welding_Unit,Afternoon,COR-007,,,,,,,,
TSK-145,AST-113,Engineering,Preventive,Preventive maintenance on Station,2026-07-11,2026-09-12,1.7247498681999267,2.271849157051181,High,Medium,Medium,High,PENDING,Point_Machine_Team,Afternoon,COR-003,,,,,,,,
TSK-146,AST-055,S&T,Corrective,Corrective maintenance on Signal,2026-08-22,2026-09-05,2.5893610039593478,3.1495741585614097,Critical,High,High,High,IN_PROGRESS,Track_Gang,Early_Morning,COR-004,,,,,,,,
TSK-147,AST-101,Engineering,Inspection,Inspection maintenance on Track,2026-07-09,2026-09-03,2.4081679018160376,3.1830732050946566,Medium,High,Medium,High,SCHEDULED,"Bridge_Inspector,SCADA_Team",Morning,COR-009,,,,,,,,
TSK-148,AST-101,Engineering,Preventive,Preventive maintenance on Track,2026-08-07,2026-09-22,1.248423394834957,1.658810124185926,Medium,High,Medium,High,PENDING,Track_Gang,Night,COR-009,,,,,,,,
TSK-149,AST-069,Engineering,Preventive,Preventive maintenance on Track,2026-08-23,2026-09-09,1.0205952845502413,1.3581223556730204,High,Critical,Medium,High,COMPLETED,"Track_Gang,Bridge_Inspector",Morning,COR-003,,,,,,,,
TSK-150,AST-020,Engineering,Corrective,Corrective maintenance on Track,2026-07-26,2026-09-18,2.2110651626372313,2.9070271156370024,Medium,Low,Medium,High,PENDING,Telecom_Team,Any,COR-006,,,,,,,,
TSK-151,AST-084,Engineering,Preventive,Preventive maintenance on Track,2026-07-31,2026-09-15,2.55100604572749,3.0952149599484615,High,Critical,Medium,High,PENDING,"Track_Gang,Track_Machine",Morning,COR-005,,,,,,,,
TSK-152,AST-040,S&T,Inspection,Inspection maintenance on Signal,2026-07-06,2026-09-29,2.8748971042676565,4.184786376147283,Critical,Low,High,High,PENDING,"Point_Machine_Team,OHE_Team",Morning,COR-003,,,,,,,,
TSK-153,AST-021,Engineering,Corrective,Corrective maintenance on Switch,2026-08-12,2026-09-21,0.983108203188228,1.0966231403529407,High,Low,Medium,High,PENDING,Track_Gang,Early_Morning,COR-003,,,,,,,,
TSK-154,AST-005,S&T,Corrective,Corrective maintenance on Switch,2026-08-19,2026-09-26,0.7427308485650882,0.8326527246236275,Low,Medium,Medium,High,SCHEDULED,Rail_Testing,Early_Morning,COR-008,,,,,,,,
TSK-155,AST-012,S&T,Preventive,Preventive maintenance on Signal,2026-08-12,2026-08-28,2.256643631409326,3.0454823274663636,Critical,Low,High,High,OVERDUE,"Welding_Unit,Signal_Team",Any,COR-003,,,,,,,,
TSK-156,AST-068,Engineering,Preventive,Preventive maintenance on Switch,2026-08-13,2026-09-15,1.4369860376634618,1.6111233397745466,High,High,Medium,High,PENDING,"Rail_Testing,Point_Machine_Team",Night,COR-004,,,,,,,,
TSK-157,AST-064,S&T,Corrective,Corrective maintenance on Track,2026-08-17,2026-08-29,1.8596227491384878,2.300382521519711,Medium,Low,Medium,High,OVERDUE,Bridge_Inspector,Night,COR-012,,,,,,,,
TSK-158,AST-066,S&T,Corrective,Corrective maintenance on Track,2026-07-11,2026-09-14,0.8095950923993778,1.1267956887448343,High,Medium,Medium,High,PENDING,"OHE_Team,Telecom_Team",Night,COR-004,,,,,,,,
TSK-159,AST-008,Engineering,Emergency,Emergency maintenance on Track,2026-08-12,2026-09-08,0.7149230409939259,1.04920239350113,High,High,Medium,High,IN_PROGRESS,Signal_Team,Any,COR-011,,,,,,,,
TSK-160,AST-103,Engineering,Preventive,Preventive maintenance on Switch,2026-07-07,2026-08-30,1.5536605299426163,2.0095525631102014,Low,Medium,Medium,High,OVERDUE,"Track_Gang,OHE_Team",Afternoon,COR-009,,,,,,,,
TSK-161,AST-044,Engineering,Corrective,Corrective maintenance on Signal,2026-07-16,2026-08-28,1.297000884805098,1.6697673580364807,High,High,Medium,High,OVERDUE,Telecom_Team,Early_Morning,COR-008,,,,,,,,
TSK-162,AST-043,Engineering,Emergency,Emergency maintenance on Track,2026-07-06,2026-09-13,3.6129214098554763,5.0099801784888776,High,Critical,Medium,High,SCHEDULED,OHE_Team,Afternoon,COR-011,,,,,,,,
TSK-163,AST-078,Engineering,Preventive,Preventive maintenance on Track,2026-07-05,2026-09-30,3.3337831622465814,4.764922856165554,Medium,Medium,Medium,High,IN_PROGRESS,"Signal_Team,Point_Machine_Team",Night,COR-007,,,,,,,,
TSK-164,AST-011,Engineering,Preventive,Preventive maintenance on Signal,2026-07-14,2026-09-06,1.807662203086078,2.510094862032523,Low,Low,Medium,High,IN_PROGRESS,"SCADA_Team,Track_Machine",Night,COR-006,,,,,,,,
TSK-165,AST-099,Engineering,Preventive,Preventive maintenance on Signal,2026-08-06,2026-09-20,2.462298987252386,2.8266068293039512,Critical,Medium,High,High,PENDING,Rail_Testing,Any,COR-005,,,,,,,,
TSK-166,AST-078,Engineering,Inspection,Inspection maintenance on Track,2026-08-18,2026-08-23,1.5428224108242587,2.3008100441550723,Medium,Medium,Medium,High,OVERDUE,"Signal_Team,Track_Machine",Night,COR-007,,,,,,,,
TSK-167,AST-086,Traction,Preventive,Preventive maintenance on Track,2026-08-02,2026-09-24,0.9658032371047909,1.4258140529929235,High,Medium,Medium,High,PENDING,Welding_Unit,Night,COR-011,,,,,,,,
TSK-168,AST-062,Operations,Inspection,Inspection maintenance on Switch,2026-07-12,2026-09-23,2.802033668763965,3.995730390466799,Critical,Low,High,High,IN_PROGRESS,Rail_Testing,Afternoon,COR-002,,,,,,,,
TSK-169,AST-042,Engineering,Corrective,Corrective maintenance on OHE,2026-07-27,2026-09-22,3.85843695004965,5.375089262837852,Critical,Low,High,High,PENDING,Signal_Team,Morning,COR-002,,,,,,,,
TSK-170,AST-086,Traction,Inspection,Inspection maintenance on Track,2026-07-04,2026-08-26,1.184767112934475,1.3799269257424036,High,Critical,Medium,High,OVERDUE,"Rail_Testing,SCADA_Team",Afternoon,COR-011,,,,,,,,
TSK-171,AST-112,Engineering,Preventive,Preventive maintenance on Signal,2026-08-23,2026-08-30,1.416265003859476,1.6292587184611307,Medium,High,Medium,High,OVERDUE,"Telecom_Team,Point_Machine_Team",Night,COR-009,,,,,,,,
TSK-172,AST-108,S&T,Inspection,Inspection maintenance on Signal,2026-07-12,2026-09-25,2.181859701054429,2.4122473216812566,Critical,Critical,High,High,PENDING,Rail_Testing,Any,COR-011,,,,,,,,
TSK-173,AST-031,Traction,Preventive,Preventive maintenance on OHE,2026-08-09,2026-08-29,3.5052591350686937,4.0756776035705675,Medium,Low,Medium,High,OVERDUE,"Point_Machine_Team,Track_Machine",Afternoon,COR-008,,,,,,,,
TSK-174,AST-025,S&T,Preventive,Preventive maintenance on OHE,2026-08-19,2026-09-06,2.814718722091719,3.7808095036966107,Critical,Low,High,High,PENDING,"Bridge_Inspector,Telecom_Team",Early_Morning,COR-004,,,,,,,,
TSK-175,AST-072,S&T,Preventive,Preventive maintenance on Track,2026-07-28,2026-09-09,2.8696423980170107,3.974745131428746,Medium,High,Medium,High,PENDING,"Signal_Team,Point_Machine_Team",Afternoon,COR-010,,,,,,,,
TSK-176,AST-120,S&T,Preventive,Preventive maintenance on Switch,2026-07-22,2026-09-22,3.586858867699044,4.177553325852021,Critical,Low,High,High,COMPLETED,"Telecom_Team,SCADA_Team",Any,COR-002,,,,,,,,
TSK-177,AST-079,S&T,Corrective,Corrective maintenance on Track,2026-08-15,2026-09-12,1.5032289849689124,2.094969243013489,High,High,Medium,High,PENDING,Welding_Unit,Early_Morning,COR-009,,,,,,,,
TSK-178,AST-014,Traction,Corrective,Corrective maintenance on Switch,2026-07-16,2026-09-18,0.8433302818434351,1.2567275807850273,Critical,Low,High,High,PENDING,Welding_Unit,Morning,COR-008,,,,,,,,
TSK-179,AST-115,Engineering,Preventive,Preventive maintenance on Switch,2026-08-27,2026-08-26,0.9152954564828648,1.0605920744921136,High,Low,Medium,High,OVERDUE,Track_Gang,Any,COR-008,,,,,,,,
TSK-180,AST-119,Engineering,Emergency,Emergency maintenance on Track,2026-08-09,2026-08-28,2.0091454251726337,2.525704055044027,High,Critical,Medium,High,OVERDUE,"Point_Machine_Team,Telecom_Team",Any,COR-002,,,,,,,,
TSK-181,AST-103,Engineering,Corrective,Corrective maintenance on Switch,2026-08-30,2026-09-22,3.8724254835706913,4.504668477669778,Low,Critical,Medium,High,COMPLETED,"OHE_Team,Telecom_Team",Early_Morning,COR-009,,,,,,,,
TSK-182,AST-063,S&T,Emergency,Emergency maintenance on Signal,2026-07-16,2026-09-27,1.72431150816409,2.2233251803051015,High,Low,Medium,High,PENDING,"Bridge_Inspector,Signal_Team",Early_Morning,COR-003,,,,,,,,
TSK-183,AST-071,Traction,Inspection,Inspection maintenance on Station,2026-07-24,2026-09-17,1.7550260523741912,2.048257753978588,High,Low,Medium,High,SCHEDULED,"Bridge_Inspector,Track_Machine",Afternoon,COR-005,,,,,,,,
TSK-184,AST-087,Engineering,Preventive,Preventive maintenance on Signal,2026-08-17,2026-09-09,3.34455517301055,4.454453259159574,Medium,Low,Medium,High,IN_PROGRESS,"Bridge_Inspector,Welding_Unit",Night,COR-009,,,,,,,,
TSK-185,AST-114,Engineering,Corrective,Corrective maintenance on Switch,2026-07-11,2026-08-31,1.5860854604022125,1.7763185673542081,Critical,Critical,High,High,OVERDUE,"Track_Machine,Welding_Unit",Any,COR-005,,,,,,,,
TSK-186,AST-009,Engineering,Corrective,Corrective maintenance on OHE,2026-08-09,2026-09-14,3.3605299155602917,4.572452473967642,High,Low,Medium,High,IN_PROGRESS,Track_Machine,Night,COR-011,,,,,,,,
TSK-187,AST-004,Engineering,Corrective,Corrective maintenance on Signal,2026-08-30,2026-09-09,1.8377674366801187,2.6821647909107087,Critical,Critical,High,High,PENDING,Track_Machine,Morning,COR-002,,,,,,,,
TSK-188,AST-067,S&T,Emergency,Emergency maintenance on Bridge,2026-08-20,2026-09-29,0.9784147015123474,1.2179219905714094,Critical,Critical,High,High,IN_PROGRESS,"Signal_Team,Bridge_Inspector",Early_Morning,COR-005,,,,,,,,
TSK-189,AST-061,S&T,Preventive,Preventive maintenance on Track,2026-07-13,2026-08-28,3.9852313806384707,5.225951205245421,High,Medium,Medium,High,OVERDUE,"Point_Machine_Team,Welding_Unit",Any,COR-002,,,,,,,,
TSK-190,AST-107,S&T,Preventive,Preventive maintenance on Switch,2026-08-19,2026-09-27,0.9211433008913725,1.1214907903707707,Critical,High,High,High,PENDING,"Telecom_Team,SCADA_Team",Any,COR-011,,,,,,,,
TSK-191,AST-016,Engineering,Preventive,Preventive maintenance on Track,2026-07-31,2026-09-03,0.6190579209611131,0.7867491573993816,Critical,High,High,High,SCHEDULED,Track_Gang,Early_Morning,COR-006,,,,,,,,
TSK-192,AST-021,Engineering,Preventive,Preventive maintenance on Switch,2026-07-25,2026-09-27,3.6937154710371685,5.057738713328199,High,High,Medium,High,PENDING,Welding_Unit,Night,COR-003,,,,,,,,
TSK-193,AST-011,Engineering,Preventive,Preventive maintenance on Signal,2026-08-29,2026-09-04,3.7131664945850695,4.4491419233234595,Low,Medium,Medium,High,PENDING,"Welding_Unit,Point_Machine_Team",Afternoon,COR-006,,,,,,,,
TSK-194,AST-108,S&T,Corrective,Corrective maintenance on Signal,2026-07-20,2026-09-07,1.7941175557192373,2.062082909005756,Critical,Low,High,High,PENDING,Welding_Unit,Any,COR-011,,,,,,,,
TSK-195,AST-066,S&T,Preventive,Preventive maintenance on Track,2026-07-08,2026-09-05,0.5779884982487471,0.8457471860245969,High,Critical,Medium,High,SCHEDULED,Point_Machine_Team,Morning,COR-004,,,,,,,,
TSK-196,AST-097,Engineering,Inspection,Inspection maintenance on Track,2026-08-05,2026-09-21,2.268582477738005,3.2990849117792242,High,High,Medium,High,SCHEDULED,Telecom_Team,Any,COR-002,,,,,,,,
TSK-197,AST-069,Engineering,Preventive,Preventive maintenance on Track,2026-08-02,2026-09-09,1.4332352856484427,2.03511332913828,High,Low,Medium,High,COMPLETED,"OHE_Team,Bridge_Inspector",Night,COR-003,,,,,,,,
TSK-198,AST-027,S&T,Corrective,Corrective maintenance on OHE,2026-08-03,2026-09-20,1.2399455552156644,1.733553064236592,High,High,Medium,High,PENDING,"Telecom_Team,Track_Gang",Any,COR-005,,,,,,,,
TSK-199,AST-032,Engineering,Inspection,Inspection maintenance on Signal,2026-08-06,2026-08-25,1.2452335883009882,1.741431952083817,Medium,Critical,Medium,High,OVERDUE,"Signal_Team,Bridge_Inspector",Afternoon,COR-010,,,,,,,,
TSK-200,AST-072,S&T,Emergency,Emergency maintenance on Track,2026-08-01,2026-09-22,1.1131924898335643,1.4134958270276787,Medium,Low,Medium,High,PENDING,Signal_Team,Early_Morning,COR-010,,,,,,,,
TSK-201,AST-007,S&T,Emergency,Emergency maintenance on Switch,2026-07-30,2026-08-23,0.8047264615953849,1.042746903289777,Medium,Medium,Medium,High,OVERDUE,OHE_Team,Early_Morning,COR-007,,,,,,,,
TSK-202,AST-051,S&T,Inspection,Inspection maintenance on Switch,2026-08-31,2026-08-23,1.9314901489332952,2.1418073613961384,Medium,High,Medium,High,OVERDUE,"Track_Machine,Rail_Testing",Early_Morning,COR-008,,,,,,,,
TSK-203,AST-043,Engineering,Inspection,Inspection maintenance on Track,2026-08-02,2026-09-28,1.2776621167290525,1.505099764602892,High,Critical,Medium,High,PENDING,OHE_Team,Afternoon,COR-011,,,,,,,,
TSK-204,AST-109,Traction,Preventive,Preventive maintenance on OHE,2026-07-13,2026-09-28,3.696746691372116,4.770568004851619,Low,Medium,Medium,High,SCHEDULED,Bridge_Inspector,Any,COR-007,,,,,,,,
TSK-205,AST-089,Engineering,Corrective,Corrective maintenance on Bridge,2026-08-19,2026-09-22,1.8122940122342643,2.1551156513189236,Critical,Low,High,High,PENDING,"SCADA_Team,Signal_Team",Night,COR-007,,,,,,,,
TSK-206,AST-103,Engineering,Inspection,Inspection maintenance on Switch,2026-07-13,2026-09-17,3.2233157834705923,4.535808062892176,Low,Critical,Medium,High,PENDING,"Bridge_Inspector,Point_Machine_Team",Morning,COR-009,,,,,,,,
TSK-207,AST-094,S&T,Emergency,Emergency maintenance on Switch,2026-07-08,2026-09-22,2.5215218095868908,3.0273707452364107,Critical,Low,High,High,PENDING,"Rail_Testing,Bridge_Inspector",Morning,COR-012,,,,,,,,
TSK-208,AST-066,S&T,Corrective,Corrective maintenance on Track,2026-08-21,2026-09-12,0.5197351822513565,0.6581140944854236,High,Critical,Medium,High,PENDING,Bridge_Inspector,Any,COR-004,,,,,,,,
TSK-209,AST-002,Engineering,Corrective,Corrective maintenance on Bridge,2026-08-07,2026-09-23,3.8852255556199164,4.296264828028002,Critical,Critical,High,High,PENDING,"Rail_Testing,Track_Gang",Morning,COR-011,,,,,,,,
TSK-210,AST-059,Engineering,Preventive,Preventive maintenance on Bridge,2026-07-15,2026-09-18,2.671934305082084,3.6508942882141975,Medium,Critical,Medium,High,PENDING,"Signal_Team,OHE_Team",Morning,COR-008,,,,,,,,
TSK-211,AST-009,Engineering,Preventive,Preventive maintenance on OHE,2026-08-02,2026-09-26,3.9439509602553793,4.459014822151057,High,Critical,Medium,High,PENDING,OHE_Team,Early_Morning,COR-011,,,,,,,,
TSK-212,AST-056,Traction,Preventive,Preventive maintenance on Track,2026-07-06,2026-08-30,0.9941509460290141,1.2442014284737701,Low,Medium,Medium,High,OVERDUE,Track_Gang,Afternoon,COR-012,,,,,,,,
TSK-213,AST-031,Traction,Preventive,Preventive maintenance on OHE,2026-07-14,2026-09-18,2.846070584517633,3.8374167613745715,Medium,Medium,Medium,High,PENDING,"Point_Machine_Team,OHE_Team",Any,COR-008,,,,,,,,
TSK-214,AST-071,Traction,Corrective,Corrective maintenance on Station,2026-07-09,2026-08-29,0.7763418942604887,1.0796552973506184,High,High,Medium,High,OVERDUE,"Track_Gang,OHE_Team",Early_Morning,COR-005,,,,,,,,
TSK-215,AST-071,Traction,Preventive,Preventive maintenance on Station,2026-07-31,2026-09-22,1.8408041959008088,2.727685347443998,High,High,Medium,High,PENDING,OHE_Team,Early_Morning,COR-005,,,,,,,,
TSK-216,AST-074,Engineering,Inspection,Inspection maintenance on Switch,2026-07-23,2026-09-01,0.5316113242922764,0.7271230128927993,High,Low,Medium,High,SCHEDULED,Point_Machine_Team,Afternoon,COR-002,,,,,,,,
TSK-217,AST-109,Traction,Inspection,Inspection maintenance on OHE,2026-08-15,2026-08-28,1.595090194085765,2.1894888087750233,Low,Critical,Medium,High,OVERDUE,"Track_Gang,Point_Machine_Team",Night,COR-007,,,,,,,,
TSK-218,AST-119,Engineering,Emergency,Emergency maintenance on Track,2026-08-20,2026-09-22,2.5857017826746724,3.8310459319652286,High,Low,Medium,High,PENDING,"Bridge_Inspector,Telecom_Team",Night,COR-002,,,,,,,,
TSK-219,AST-014,Traction,Inspection,Inspection maintenance on Switch,2026-07-30,2026-09-27,2.5226891039594963,3.0435973546250157,Critical,Medium,High,High,PENDING,Telecom_Team,Morning,COR-008,,,,,,,,
TSK-220,AST-106,Traction,Corrective,Corrective maintenance on Station,2026-08-17,2026-09-30,0.8550976525041208,1.030338412118927,Medium,Medium,Medium,High,PENDING,OHE_Team,Early_Morning,COR-012,,,,,,,,
TSK-221,AST-119,Engineering,Corrective,Corrective maintenance on Track,2026-07-06,2026-08-30,3.8863171573183424,5.802365350112481,High,High,Medium,High,OVERDUE,Telecom_Team,Early_Morning,COR-002,,,,,,,,
TSK-222,AST-089,Engineering,Corrective,Corrective maintenance on Bridge,2026-07-30,2026-08-29,1.5017808535899988,2.1890543584594275,Critical,Medium,High,High,OVERDUE,"Track_Machine,Signal_Team",Night,COR-007,,,,,,,,
TSK-223,AST-067,S&T,Inspection,Inspection maintenance on Bridge,2026-08-22,2026-08-28,2.8474902717796056,3.599623420979969,Critical,Medium,High,High,OVERDUE,Bridge_Inspector,Night,COR-005,,,,,,,,
TSK-224,AST-024,Traction,Corrective,Corrective maintenance on Track,2026-08-01,2026-09-19,0.6625177938686677,0.8067480257402235,High,Medium,Medium,High,PENDING,"OHE_Team,Signal_Team",Afternoon,COR-004,,,,,,,,
TSK-225,AST-119,Engineering,Emergency,Emergency maintenance on Track,2026-07-19,2026-09-21,3.1668691027849025,4.535567539353167,High,High,Medium,High,PENDING,"Signal_Team,Welding_Unit",Any,COR-002,,,,,,,,
TSK-226,AST-114,Engineering,Corrective,Corrective maintenance on Switch,2026-07-10,2026-08-27,1.6281787459504136,2.260217100964906,Critical,Low,High,High,OVERDUE,Track_Machine,Night,COR-005,,,,,,,,
TSK-227,AST-063,S&T,Inspection,Inspection maintenance on Signal,2026-07-20,2026-08-29,1.543404436879362,1.835511167672049,High,High,Medium,High,OVERDUE,"Signal_Team,Rail_Testing",Early_Morning,COR-003,,,,,,,,
TSK-228,AST-083,Traction,Inspection,Inspection maintenance on Switch,2026-08-10,2026-09-06,3.8399021101105233,5.175181307173102,Low,Low,Medium,High,PENDING,OHE_Team,Early_Morning,COR-012,,,,,,,,
TSK-229,AST-004,Engineering,Preventive,Preventive maintenance on Signal,2026-08-02,2026-09-08,0.8296735997909801,1.0891858832549914,Critical,High,High,High,COMPLETED,"OHE_Team,Bridge_Inspector",Morning,COR-002,,,,,,,,
TSK-230,AST-032,Engineering,Corrective,Corrective maintenance on Signal,2026-08-16,2026-08-29,2.5565342719651993,3.3196866903182385,Medium,Medium,Medium,High,OVERDUE,"Telecom_Team,OHE_Team",Morning,COR-010,,,,,,,,
TSK-231,AST-059,Engineering,Preventive,Preventive maintenance on Bridge,2026-08-21,2026-09-22,1.0161958578164796,1.1940598700033187,Medium,High,Medium,High,COMPLETED,Track_Machine,Early_Morning,COR-008,,,,,,,,
TSK-232,AST-113,Engineering,Corrective,Corrective maintenance on Station,2026-07-28,2026-09-18,3.421987216878631,4.324664256943923,High,Medium,Medium,High,PENDING,"SCADA_Team,Track_Machine",Any,COR-003,,,,,,,,
TSK-233,AST-020,Engineering,Corrective,Corrective maintenance on Track,2026-07-05,2026-08-24,2.3965486118515424,3.2185063840148036,Medium,Critical,Medium,High,OVERDUE,SCADA_Team,Early_Morning,COR-006,,,,,,,,
TSK-234,AST-119,Engineering,Corrective,Corrective maintenance on Track,2026-08-02,2026-09-21,1.1987072703560995,1.447418229004032,High,High,Medium,High,PENDING,"Bridge_Inspector,Rail_Testing",Afternoon,COR-002,,,,,,,,
TSK-235,AST-083,Traction,Preventive,Preventive maintenance on Switch,2026-08-20,2026-09-23,0.9861529620084699,1.1642974955595917,Low,Medium,Medium,High,SCHEDULED,"Bridge_Inspector,OHE_Team",Afternoon,COR-012,,,,,,,,
TSK-236,AST-055,S&T,Inspection,Inspection maintenance on Signal,2026-08-15,2026-09-13,2.4605226198215435,3.0836745814812647,Critical,Critical,High,High,SCHEDULED,"Bridge_Inspector,Track_Machine",Early_Morning,COR-004,,,,,,,,
TSK-237,AST-095,Operations,Preventive,Preventive maintenance on Track,2026-07-10,2026-08-28,1.7303081871875414,2.3445424203387883,Medium,Low,Medium,High,OVERDUE,Signal_Team,Morning,COR-009,,,,,,,,
TSK-238,AST-012,S&T,Corrective,Corrective maintenance on Signal,2026-07-11,2026-09-04,3.7468665571514808,4.983447346723361,Critical,Medium,High,High,PENDING,"Telecom_Team,Track_Gang",Afternoon,COR-003,,,,,,,,
TSK-239,AST-002,Engineering,Preventive,Preventive maintenance on Bridge,2026-08-26,2026-09-19,2.9190835542326385,4.26480058671471,Critical,Medium,High,High,PENDING,OHE_Team,Any,COR-011,,,,,,,,
TSK-240,AST-010,Operations,Corrective,Corrective maintenance on Station,2026-07-18,2026-09-08,2.5667197097918164,2.8805436918045513,High,Critical,Medium,High,PENDING,"Point_Machine_Team,Track_Machine",Afternoon,COR-007,,,,,,,,
TSK-241,AST-062,Operations,Inspection,Inspection maintenance on Switch,2026-08-12,2026-09-20,1.5890485085578316,1.7488752087800419,Critical,Critical,High,High,SCHEDULED,Telecom_Team,Night,COR-002,,,,,,,,
TSK-242,AST-039,S&T,Corrective,Corrective maintenance on OHE,2026-08-05,2026-09-24,3.9289153618686328,4.808089673107247,Critical,Low,High,High,IN_PROGRESS,"Signal_Team,Track_Machine",Morning,COR-005,,,,,,,,
TSK-243,AST-017,Operations,Emergency,Emergency maintenance on Track,2026-07-06,2026-09-29,3.9221697596235603,5.015134114730699,Critical,Medium,High,High,PENDING,Track_Gang,Early_Morning,COR-005,,,,,,,,
TSK-244,AST-040,S&T,Preventive,Preventive maintenance on Signal,2026-08-07,2026-09-07,2.728355038004843,3.962406404493072,Critical,Critical,High,High,IN_PROGRESS,Point_Machine_Team,Early_Morning,COR-003,,,,,,,,
TSK-245,AST-028,Traction,Preventive,Preventive maintenance on Bridge,2026-07-08,2026-08-23,3.1929189031840064,3.956109693511996,High,Critical,Medium,High,OVERDUE,"Rail_Testing,Track_Machine",Morning,COR-009,,,,,,,,
TSK-246,AST-063,S&T,Corrective,Corrective maintenance on Signal,2026-07-30,2026-09-27,1.792637566154604,2.2668189632271916,High,Low,Medium,High,PENDING,"Point_Machine_Team,Bridge_Inspector",Any,COR-003,,,,,,,,
TSK-247,AST-028,Traction,Inspection,Inspection maintenance on Bridge,2026-07-31,2026-09-23,3.327328229459811,4.598601078701686,High,Critical,Medium,High,PENDING,Point_Machine_Team,Early_Morning,COR-009,,,,,,,,
TSK-248,AST-092,S&T,Preventive,Preventive maintenance on Signal,2026-07-23,2026-09-13,2.128958416491259,3.103426061764194,High,Critical,Medium,High,PENDING,OHE_Team,Morning,COR-002,,,,,,,,
TSK-249,AST-029,Traction,Preventive,Preventive maintenance on Station,2026-07-08,2026-09-05,3.5534698425628504,5.231325696003376,Medium,Medium,Medium,High,PENDING,OHE_Team,Morning,COR-009,,,,,,,,
TSK-250,AST-091,Engineering,Corrective,Corrective maintenance on Station,2026-07-23,2026-08-31,3.366862794093352,4.635209221580571,High,Medium,Medium,High,OVERDUE,Bridge_Inspector,Any,COR-006,,,,,,,,
