asset_id,asset_type,department,location,corridor_id,criticality,installation_date,last_maintenance_date,next_due_date,condition_score,availability_status,failure_history
AST-001,Track,Operations,Loc-253km,COR-011,High,1992-06-21,2025-12-08,2026-08-11,25.593820005455385,Requires Maintenance,5
AST-002,Bridge,Engineering,Loc-601km,COR-011,Critical,1992-05-19,2026-04-10,2026-07-29,42.33328316068077,Available,5
AST-003,Station,Traction,Loc-566km,COR-009,Medium,2003-01-04,2026-07-04,2026-10-03,51.54469128110745,Available,5
AST-004,Signal,Engineering,Loc-720km,COR-002,Critical,2004-08-14,2026-01-20,2026-12-27,86.97494707820945,Available,1
AST-005,Switch,S&T,Loc-840km,COR-008,Low,2000-05-10,2026-01-04,2026-08-04,17.135066533871786,Requires Maintenance,8
AST-006,Bridge,Engineering,Loc-643km,COR-007,Low,2016-03-01,2026-01-08,2026-07-17,56.25916610133736,Available,5
AST-007,Switch,S&T,Loc-541km,COR-007,Medium,2021-04-05,2026-01-04,2026-11-26,75.53314448428937,Available,2
AST-008,Track,Engineering,Loc-231km,COR-011,High,1995-12-12,2026-07-10,2027-02-12,84.02339195076289,Available,1
AST-009,OHE,Engineering,Loc-830km,COR-011,High,1992-10-12,2026-03-24,2026-07-31,18.542155772525128,Requires Maintenance,5
AST-010,Station,Operations,Loc-130km,COR-007,High,1991-02-22,2026-01-11,2026-08-31,19.94497011784771,Requires Maintenance,8
AST-011,Signal,Engineering,Loc-124km,COR-006,Low,2023-06-22,2025-12-26,2026-08-16,73.60677737029393,Available,1
AST-012,Signal,S&T,Loc-988km,COR-003,Critical,2008-04-07,2026-04-17,2026-08-23,73.87821809211411,Available,3
AST-013,Switch,Engineering,Loc-659km,COR-010,High,2001-05-05,2026-03-16,2026-06-22,72.99920230170895,Available,1
AST-014,Switch,Traction,Loc-896km,COR-008,Critical,2009-03-16,2026-05-16,2027-01-13,98.50928448767513,Available,0
AST-015,Track,Engineering,Loc-470km,COR-003,High,1997-07-03,2026-04-17,2026-08-17,51.21346547302799,Available,6
AST-016,Track,Engineering,Loc-49km,COR-006,Critical,2010-01-15,2026-03-29,2026-06-30,64.33710764797276,Available,2
AST-017,Track,Operations,Loc-735km,COR-005,Critical,2022-04-21,2026-03-15,2027-02-23,77.3859386948707,Available,4
AST-018,Switch,Traction,Loc-477km,COR-008,High,1991-10-17,2026-05-11,2027-04-11,73.55717584120254,Available,4
AST-019,Track,Engineering,Loc-959km,COR-002,High,2005-12-19,2026-04-02,2026-09-30,85.66202762782356,Available,2
AST-020,Track,Engineering,Loc-196km,COR-006,Medium,2022-08-21,2026-06-24,2027-01-07,41.52501249695247,Available,6
AST-021,Switch,Engineering,Loc-908km,COR-003,High,2008-12-26,2026-01-06,2026-07-31,76.30456668613309,Available,3
AST-022,Bridge,Engineering,Loc-435km,COR-001,High,1990-07-05,2025-11-18,2026-10-20,51.98936795787016,Available,4
AST-023,Switch,Engineering,Loc-23km,COR-012,Medium,2010-07-04,2025-11-07,2026-10-16,42.03644011594851,Available,4
AST-024,Track,Traction,Loc-497km,COR-004,High,1990-08-05,2026-08-19,2026-12-02,58.73063073132356,Available,4
AST-025,OHE,S&T,Loc-607km,COR-004,Critical,1992-01-01,2026-03-08,2026-07-18,59.4084963103261,Available,4
AST-026,Track,Engineering,Loc-75km,COR-002,Critical,2015-02-19,2026-05-10,2027-02-19,43.55943242301145,Available,5
AST-027,OHE,S&T,Loc-780km,COR-005,High,2007-01-07,2026-05-19,2027-01-15,67.39859416240436,Available,4
AST-028,Bridge,Traction,Loc-396km,COR-009,High,2014-06-13,2026-02-17,2026-06-05,58.886444308814745,Available,4
AST-029,Station,Traction,Loc-39km,COR-009,Medium,2001-09-20,2026-07-01,2027-02-26,87.50309835254025,Available,0
AST-030,Track,Engineering,Loc-492km,COR-007,Medium,2000-02-15,2026-06-08,2026-09-14,42.7935577338675,Available,7
AST-031,OHE,Traction,Loc-876km,COR-008,Medium,2006-07-25,2026-04-13,2026-08-01,11.455260127283871,Requires Maintenance,7
AST-032,Signal,Engineering,Loc-508km,COR-010,Medium,2009-12-08,2026-08-22,2027-05-28,61.72259222441357,Available,2
AST-033,Track,Traction,Loc-441km,COR-006,Medium,2010-11-05,2026-03-12,2027-01-22,80.1054624513367,Available,1
AST-034,Signal,S&T,Loc-698km,COR-001,High,2001-10-16,2026-03-20,2026-07-05,22.55116160168127,Requires Maintenance,7
AST-035,Track,Engineering,Loc-10km,COR-005,High,2017-03-06,2026-06-02,2027-05-13,89.31053722398013,Available,2
AST-036,OHE,Traction,Loc-461km,COR-005,High,2000-05-26,2026-06-21,2027-04-23,98.10553330781833,Available,0
AST-037,Track,Engineering,Loc-78km,COR-001,Critical,2012-05-21,2026-03-11,2026-12-27,43.767953017623114,Available,5
AST-038,Track,Engineering,Loc-306km,COR-004,High,1997-07-26,2025-12-16,2026-08-24,73.58503422029284,Available,2
AST-039,OHE,S&T,Loc-98km,COR-005,Critical,2003-02-11,2026-05-12,2027-02-17,79.59089197348165,Available,3
AST-040,Signal,S&T,Loc-184km,COR-003,Critical,2019-07-10,2026-07-03,2026-12-20,57.412773351165015,Available,3
AST-041,Switch,Traction,Loc-281km,COR-004,High,2012-07-16,2026-05-20,2026-08-25,89.00162876427385,Available,0
AST-042,OHE,Engineering,Loc-546km,COR-002,Critical,2011-05-06,2026-08-22,2027-04-01,51.19245329531603,Available,5
AST-043,Track,Engineering,Loc-526km,COR-011,High,1990-08-17,2025-12-13,2026-08-17,10.786242796821979,Requires Maintenance,8
AST-044,Signal,Engineering,Loc-883km,COR-008,High,1992-07-14,2025-12-27,2026-07-05,24.410321227829296,Requires Maintenance,7
AST-045,Track,Engineering,Loc-111km,COR-005,Critical,2002-04-25,2026-06-16,2026-07-22,13.645677569519162,Requires Maintenance,7
AST-046,Switch,S&T,Loc-582km,COR-008,High,2015-02-27,2026-01-06,2026-09-02,46.37901513977819,Available,5
AST-047,Track,Engineering,Loc-947km,COR-011,Critical,2000-04-15,2026-04-11,2026-11-04,80.29324433705717,Available,2
AST-048,Switch,S&T,Loc-90km,COR-011,Critical,1993-03-20,2026-01-10,2026-04-29,53.998954683014205,Available,5
AST-049,Switch,Engineering,Loc-613km,COR-011,Critical,1999-12-02,2026-08-10,2027-04-24,56.03210960797571,Available,6
AST-050,Track,Engineering,Loc-513km,COR-008,High,2003-05-24,2026-04-08,2026-09-20,91.06699250113437,Available,0
AST-051,Switch,S&T,Loc-402km,COR-008,Medium,2003-10-04,2026-05-26,2027-04-17,77.52509623826568,Available,1
AST-052,Switch,Engineering,Loc-646km,COR-003,Critical,2006-01-15,2026-05-11,2026-11-20,66.98905309573165,Available,2
AST-053,Track,S&T,Loc-834km,COR-010,High,2022-05-27,2025-11-07,2026-10-16,79.7012594635148,Available,2
AST-054,Switch,Traction,Loc-411km,COR-001,High,2004-08-05,2026-03-19,2026-08-02,66.82406757422973,Available,3
AST-055,Signal,S&T,Loc-993km,COR-004,Critical,2012-10-14,2026-01-17,2026-09-04,98.26798827809078,Available,0
AST-056,Track,Traction,Loc-726km,COR-012,Low,2004-10-09,2026-07-03,2026-08-18,12.044253284503991,Requires Maintenance,8
AST-057,OHE,Engineering,Loc-937km,COR-005,Critical,2004-05-15,2026-04-08,2027-01-24,91.24662681203267,Available,0
AST-058,Track,Engineering,Loc-25km,COR-010,High,2006-11-27,2025-12-15,2026-09-09,57.31729971829806,Available,5
AST-059,Bridge,Engineering,Loc-476km,COR-008,Medium,2006-04-09,2026-02-27,2026-10-22,79.02478537730438,Available,2
AST-060,Signal,Engineering,Loc-18km,COR-007,Medium,2008-01-13,2025-11-10,2026-07-01,43.353823869421376,Available,4
AST-061,Track,S&T,Loc-380km,COR-002,High,2018-07-07,2026-04-14,2027-04-04,62.03813734691141,Available,3
AST-062,Switch,Operations,Loc-609km,COR-002,Critical,2012-11-08,2026-06-30,2027-06-03,60.399224768242235,Available,3
AST-063,Signal,S&T,Loc-624km,COR-003,High,2010-07-16,2026-08-16,2027-08-03,76.11334659278296,Available,4
AST-064,Track,S&T,Loc-934km,COR-012,Medium,1991-03-23,2026-04-26,2026-08-13,85.5312001770152,Available,0
AST-065,Switch,Engineering,Loc-359km,COR-005,High,1990-02-19,2026-01-26,2026-08-23,15.889315190838353,Requires Maintenance,8
AST-066,Track,S&T,Loc-153km,COR-004,High,1995-02-21,2026-07-12,2026-11-19,85.02861506181928,Available,2
AST-067,Bridge,S&T,Loc-822km,COR-005,Critical,1996-10-13,2026-02-14,2026-09-13,99.00018641848105,Available,1
AST-068,Switch,Engineering,Loc-762km,COR-004,High,2023-07-15,2026-03-24,2027-02-22,43.41248526770458,Available,7
AST-069,Track,Engineering,Loc-42km,COR-003,High,1998-09-08,2026-08-06,2027-03-12,82.32039246572786,Available,1
AST-070,Bridge,Engineering,Loc-318km,COR-002,Critical,2008-05-12,2026-08-06,2026-12-30,74.73482354272133,Available,4
AST-071,Station,Traction,Loc-401km,COR-005,High,2015-09-13,2026-07-28,2026-12-11,96.37231579789487,Available,0
AST-072,Track,S&T,Loc-372km,COR-010,Medium,1997-02-27,2026-01-20,2026-07-10,46.02612893932322,Available,6
AST-073,Switch,Engineering,Loc-516km,COR-010,Low,2015-07-23,2026-07-15,2026-10-27,72.50836752216141,Available,3
AST-074,Switch,Engineering,Loc-891km,COR-002,High,2023-11-23,2025-11-27,2026-07-15,61.34085283274322,Available,3
AST-075,Station,Engineering,Loc-146km,COR-001,High,1994-01-17,2026-08-20,2027-04-08,96.2750546321837,Available,0
AST-076,Track,Engineering,Loc-344km,COR-001,High,1993-12-27,2026-06-23,2027-04-06,42.25503386101616,Available,4
AST-077,Bridge,S&T,Loc-888km,COR-009,Low,1999-11-02,2026-01-17,2026-12-13,43.2493204741447,Available,6
AST-078,Track,Engineering,Loc-781km,COR-007,Medium,2007-01-24,2026-08-20,2027-04-26,86.38761415976064,Available,0
AST-079,Track,S&T,Loc-537km,COR-009,High,1992-09-02,2026-03-06,2026-06-12,83.00634082089618,Available,1
AST-080,Signal,Engineering,Loc-224km,COR-008,Medium,2007-06-05,2026-02-28,2026-07-13,15.052981879217702,Requires Maintenance,6
AST-081,Signal,Traction,Loc-693km,COR-003,Critical,2017-01-27,2026-06-25,2027-03-10,73.90080762795318,Available,2
AST-082,Signal,S&T,Loc-82km,COR-006,Low,2020-07-10,2026-03-16,2026-11-18,84.08185663851751,Available,1
AST-083,Switch,Traction,Loc-831km,COR-012,Low,2013-03-16,2026-06-10,2027-04-28,96.16926918375742,Available,0
AST-084,Track,Engineering,Loc-270km,COR-005,High,1990-12-22,2026-02-11,2026-08-06,12.050194559813585,Requires Maintenance,8
AST-085,Station,Operations,Loc-489km,COR-004,Critical,1992-11-26,2026-07-28,2026-08-03,22.951472868038152,Requires Maintenance,7
AST-086,Track,Traction,Loc-869km,COR-011,High,2016-03-17,2025-12-30,2026-06-29,44.11905228079213,Available,6
AST-087,Signal,Engineering,Loc-539km,COR-009,Medium,2014-08-12,2025-11-22,2026-11-17,55.59759952475652,Available,3
AST-088,Station,Engineering,Loc-558km,COR-001,High,1996-03-12,2026-02-23,2026-06-16,47.682901908055634,Available,5
AST-089,Bridge,Engineering,Loc-789km,COR-007,Critical,1991-08-08,2026-06-20,2027-04-10,74.27826436144858,Available,1
AST-090,Track,Engineering,Loc-588km,COR-006,Critical,1997-11-22,2026-02-25,2026-08-21,74.74909430632712,Available,2
AST-091,Station,Engineering,Loc-166km,COR-006,High,1998-01-13,2026-04-29,2026-08-10,22.36311468636238,Requires Maintenance,7
AST-092,Signal,S&T,Loc-553km,COR-002,High,1992-11-06,2026-08-14,2027-07-31,96.70385458354413,Available,0
AST-093,Switch,Traction,Loc-971km,COR-002,High,1995-10-22,2026-08-20,2027-03-24,79.17113629708074,Available,2
AST-094,Switch,S&T,Loc-723km,COR-012,Critical,1997-07-21,2026-02-21,2026-08-11,92.19213987358044,Available,2
AST-095,Track,Operations,Loc-24km,COR-009,Medium,1996-12-17,2026-01-22,2026-09-27,44.076324477621334,Available,4
AST-096,Bridge,Engineering,Loc-246km,COR-012,Medium,2023-04-02,2025-12-04,2026-11-01,65.24224409465089,Available,3
AST-097,Track,Engineering,Loc-857km,COR-002,High,2003-08-07,2026-05-31,2027-01-05,76.65565112076405,Available,2
AST-098,Station,Engineering,Loc-778km,COR-005,High,2012-11-10,2026-02-09,2026-09-04,69.42063166703028,Available,2
AST-099,Signal,Engineering,Loc-282km,COR-005,Critical,2017-06-12,2025-12-15,2026-07-22,70.8572493302015,Available,3
AST-100,Track,Engineering,Loc-811km,COR-006,Low,2001-10-20,2026-02-23,2027-01-20,44.42777921116207,Available,6
AST-101,Track,Engineering,Loc-669km,COR-009,Medium,2005-02-10,2026-08-15,2027-03-21,52.71122899487466,Available,3
AST-102,Bridge,Traction,Loc-744km,COR-006,Low,2019-02-18,2026-03-31,2026-07-24,73.08161751855734,Available,2
AST-103,Switch,Engineering,Loc-681km,COR-009,Low,2015-12-02,2026-02-12,2026-07-14,73.82566928886233,Available,4
AST-104,Station,Traction,Loc-601km,COR-005,High,1993-06-19,2026-06-02,2027-01-06,76.92246046256633,Available,1
AST-105,Track,S&T,Loc-794km,COR-010,High,2015-11-03,2026-05-05,2027-04-24,74.7733603344931,Available,1
AST-106,Station,Traction,Loc-326km,COR-012,Medium,2004-12-04,2025-11-25,2026-04-06,57.06239138130782,Available,2
AST-107,Switch,S&T,Loc-893km,COR-011,Critical,2000-03-15,2025-11-19,2026-07-07,49.788899284177305,Available,4
AST-108,Signal,S&T,Loc-351km,COR-011,Critical,1991-02-17,2026-06-07,2026-08-06,28.592117548439784,Requires Maintenance,7
AST-109,OHE,Traction,Loc-887km,COR-007,Low,1990-12-24,2026-03-03,2026-07-17,91.8522844654741,Available,0
AST-110,Signal,S&T,Loc-580km,COR-012,High,1997-08-16,2026-07-05,2027-03-05,50.60224199541133,Available,4
AST-111,Track,Traction,Loc-160km,COR-012,Medium,1990-07-21,2026-03-26,2026-07-28,23.42849339061229,Requires Maintenance,6
AST-112,Signal,Engineering,Loc-459km,COR-009,Medium,1992-10-22,2026-04-20,2027-01-01,89.38927601074437,Available,0
AST-113,Station,Engineering,Loc-956km,COR-003,High,1992-09-08,2026-06-14,2027-03-26,56.86135663777102,Available,5
AST-114,Switch,Engineering,Loc-803km,COR-005,Critical,1992-06-06,2026-04-15,2027-02-13,69.64059958267114,Available,1
AST-115,Switch,Engineering,Loc-648km,COR-008,High,2019-09-23,2026-08-11,2027-04-02,44.438369705388425,Available,4
AST-116,Switch,Traction,Loc-784km,COR-007,Low,1990-09-21,2026-05-31,2027-04-16,99.92483502158375,Available,0
AST-117,Signal,Engineering,Loc-406km,COR-004,Critical,2000-03-20,2026-02-14,2026-08-28,16.06256711890657,Requires Maintenance,8
AST-118,Bridge,Operations,Loc-526km,COR-005,Critical,2019-08-10,2026-03-18,2026-10-27,65.05764995910049,Available,4
AST-119,Track,Engineering,Loc-937km,COR-002,High,2022-04-14,2026-05-05,2027-03-28,51.18072172481556,Available,5
AST-120,Switch,S&T,Loc-390km,COR-002,Critical,2001-12-13,2026-07-23,2026-11-09,91.35166289154823,Available,1
