train_id,train_number,train_type,origin,destination,corridor_id,arrival_time,departure_time,frequency,priority,occupancy,forecasted
TRN-001,37055,Express,Station A,Station B,COR-011,05:14,06:56,Daily,High,44.76449465786589,False
TRN-002,31996,Express,Station A,Station B,COR-011,20:43,22:42,Daily,High,90.41397877285765,False
TRN-003,67743,Suburban,Station A,Station B,COR-003,21:11,22:28,Daily,Medium,86.36736029636397,False
TRN-004,70044,Express,Station A,Station B,COR-010,07:58,09:40,Daily,High,41.51270993436573,False
TRN-005,65214,Rajdhani,Station A,Station B,COR-008,08:00,09:49,Daily,Critical,75.49895965149517,False
TRN-006,47985,Passenger,Station A,Station B,COR-003,17:55,18:29,Daily,Medium,93.27911794280001,False
TRN-007,10043,Passenger,Station A,Station B,COR-002,06:50,07:38,Daily,Medium,63.80455350586487,False
TRN-008,62790,Passenger,Station A,Station B,COR-005,15:02,16:51,Daily,Medium,56.1662578356917,False
TRN-009,49222,Shatabdi,Station A,Station B,COR-001,18:40,20:36,Daily,Critical,48.87021367168125,False
TRN-010,72834,Suburban,Station A,Station B,COR-005,18:26,19:32,Daily,Medium,75.97058976531366,False
TRN-011,58522,Goods,Station A,Station B,COR-005,12:31,14:23,Daily,Low,97.50103378008356,False
TRN-012,10188,Goods,Station A,Station B,COR-007,05:28,06:28,Daily,Low,96.03355094665608,True
TRN-013,37492,Goods,Station A,Station B,COR-001,19:04,21:37,Daily,Low,68.62678190064572,True
TRN-014,11987,Suburban,Station A,Station B,COR-008,19:21,20:13,Daily,Medium,59.82056765039688,False
TRN-015,64457,Express,Station A,Station B,COR-009,22:14,00:51,Daily,High,42.86331902201496,False
TRN-016,26721,Express,Station A,Station B,COR-012,14:34,16:03,Daily,High,81.42484845371277,False
TRN-017,46836,Shatabdi,Station A,Station B,COR-008,06:50,08:13,Daily,Critical,42.798092718674425,False
TRN-018,36932,Express,Station A,Station B,COR-012,06:33,08:58,Daily,High,62.88970060281713,False
TRN-019,29318,Shatabdi,Station A,Station B,COR-008,21:38,23:44,Daily,Critical,64.64580639344534,False
TRN-020,14430,Passenger,Station A,Station B,COR-004,09:16,10:29,Daily,Medium,82.07178817416508,False
TRN-021,86457,Goods,Station A,Station B,COR-002,18:47,19:58,Daily,Low,57.588618682880025,True
TRN-022,29202,Shatabdi,Station A,Station B,COR-009,06:21,07:05,Daily,Critical,75.08210227215913,False
TRN-023,23105,Suburban,Station A,Station B,COR-010,08:22,10:06,Daily,Medium,85.18500758039234,False
TRN-024,69487,Goods,Station A,Station B,COR-001,06:01,08:57,Daily,Low,79.38086166370859,False
TRN-025,77666,Goods,Station A,Station B,COR-005,21:28,23:51,Daily,Low,72.5020663899171,False
TRN-026,21882,Goods,Station A,Station B,COR-009,19:23,20:19,Daily,Low,51.06797442342695,True
TRN-027,10746,Goods,Station A,Station B,COR-009,07:20,08:10,Daily,Low,65.35495412223473,False
TRN-028,25473,Suburban,Station A,Station B,COR-009,08:15,09:55,Daily,Medium,82.02910060298879,False
TRN-029,44470,Rajdhani,Station A,Station B,COR-004,21:21,22:29,Daily,Critical,94.8452004222641,False
TRN-030,34603,Express,Station A,Station B,COR-003,07:57,09:04,Daily,High,45.99146946832154,False
TRN-031,28869,Suburban,Station A,Station B,COR-012,02:51,04:46,Daily,Medium,93.58089601075676,False
TRN-032,62974,Express,Station A,Station B,COR-012,02:54,04:01,Daily,High,69.51451087989204,False
TRN-033,51607,Express,Station A,Station B,COR-008,16:19,18:32,Daily,High,59.884509963989814,False
TRN-034,23405,Goods,Station A,Station B,COR-006,22:19,00:03,Daily,Low,42.351026920675054,False
TRN-035,29882,Passenger,Station A,Station B,COR-009,10:23,12:37,Daily,Medium,85.61606657943773,False
TRN-036,85254,Passenger,Station A,Station B,COR-005,19:03,21:31,Daily,Medium,64.22978178668028,False
TRN-037,18061,Express,Station A,Station B,COR-005,06:24,07:55,Daily,High,57.47495526890018,False
TRN-038,68219,Shatabdi,Station A,Station B,COR-011,17:32,18:09,Daily,Critical,79.53380232468074,False
TRN-039,44821,Rajdhani,Station A,Station B,COR-004,16:24,17:54,Daily,Critical,97.63308896828562,False
TRN-040,55585,Suburban,Station A,Station B,COR-008,22:58,23:16,Daily,Medium,83.83528184116717,False
TRN-041,61042,Goods,Station A,Station B,COR-009,11:56,12:02,Daily,Low,65.51500843680009,True
TRN-042,58991,Express,Station A,Station B,COR-004,17:39,18:07,Daily,High,79.43059031640871,False
TRN-043,63343,Express,Station A,Station B,COR-002,10:33,11:24,Daily,High,79.57731008857681,False
TRN-044,30841,Express,Station A,Station B,COR-004,17:14,18:12,Daily,High,93.21054250607807,False
TRN-045,75768,Shatabdi,Station A,Station B,COR-008,09:00,10:35,Daily,Critical,95.56237354494993,False
TRN-046,77658,Suburban,Station A,Station B,COR-011,23:04,01:45,Daily,Medium,74.70220138131312,False
TRN-047,77665,Rajdhani,Station A,Station B,COR-007,06:31,08:27,Daily,Critical,41.54109251828261,False
TRN-048,89569,Rajdhani,Station A,Station B,COR-005,22:40,23:30,Daily,Critical,83.65012033750102,False
TRN-049,99490,Suburban,Station A,Station B,COR-003,12:14,13:51,Daily,Medium,76.2678576469784,False
TRN-050,10968,Passenger,Station A,Station B,COR-009,19:28,21:18,Daily,Medium,77.54245273819532,False
TRN-051,66784,Express,Station A,Station B,COR-004,23:05,00:19,Daily,High,80.65063205447419,False
TRN-052,27879,Passenger,Station A,Station B,COR-011,17:16,19:45,Daily,Medium,78.82288548320307,False
TRN-053,31690,Suburban,Station A,Station B,COR-006,19:02,21:17,Daily,Medium,40.830858130382914,False
TRN-054,83008,Passenger,Station A,Station B,COR-010,02:56,03:36,Daily,Medium,98.99929585823415,False
TRN-055,52717,Express,Station A,Station B,COR-004,18:06,20:33,Daily,High,90.89420065524817,False
